vin,username,locked,acTargetPct,dcTargetPct
DLEV26AURA0000101,demo@drivelink.test,true,80,90
DLEV26PERF0000001,perf001@drivelink.test,true,80,90
DLEV26PERF0000002,perf002@drivelink.test,true,80,90
DLEV26PERF0000003,perf003@drivelink.test,true,80,90
DLEV26PERF0000004,perf004@drivelink.test,true,80,90
DLEV26PERF0000005,perf005@drivelink.test,true,80,90
DLEV26PERF0000006,perf006@drivelink.test,true,80,90
DLEV26PERF0000007,perf007@drivelink.test,true,80,90
DLEV26PERF0000008,perf008@drivelink.test,true,80,90
DLEV26PERF0000009,perf009@drivelink.test,true,80,90
DLEV26PERF0000010,perf010@drivelink.test,true,80,90
DLEV26PERF0000011,perf011@drivelink.test,true,80,90
DLEV26PERF0000012,perf012@drivelink.test,true,80,90
DLEV26PERF0000013,perf013@drivelink.test,true,80,90
DLEV26PERF0000014,perf014@drivelink.test,true,80,90
DLEV26PERF0000015,perf015@drivelink.test,true,80,90
DLEV26PERF0000016,perf016@drivelink.test,true,80,90
DLEV26PERF0000017,perf017@drivelink.test,true,80,90
DLEV26PERF0000018,perf018@drivelink.test,true,80,90
DLEV26PERF0000019,perf019@drivelink.test,true,80,90
DLEV26PERF0000020,perf020@drivelink.test,true,80,90
DLEV26PERF0000021,perf021@drivelink.test,true,80,90
DLEV26PERF0000022,perf022@drivelink.test,true,80,90
DLEV26PERF0000023,perf023@drivelink.test,true,80,90
DLEV26PERF0000024,perf024@drivelink.test,true,80,90
DLEV26PERF0000025,perf025@drivelink.test,true,80,90
DLEV26PERF0000026,perf026@drivelink.test,true,80,90
DLEV26PERF0000027,perf027@drivelink.test,true,80,90
DLEV26PERF0000028,perf028@drivelink.test,true,80,90
DLEV26PERF0000029,perf029@drivelink.test,true,80,90
DLEV26PERF0000030,perf030@drivelink.test,true,80,90
DLEV26PERF0000031,perf031@drivelink.test,true,80,90
DLEV26PERF0000032,perf032@drivelink.test,true,80,90
DLEV26PERF0000033,perf033@drivelink.test,true,80,90
DLEV26PERF0000034,perf034@drivelink.test,true,80,90
DLEV26PERF0000035,perf035@drivelink.test,true,80,90
DLEV26PERF0000036,perf036@drivelink.test,true,80,90
DLEV26PERF0000037,perf037@drivelink.test,true,80,90
DLEV26PERF0000038,perf038@drivelink.test,true,80,90
DLEV26PERF0000039,perf039@drivelink.test,true,80,90
DLEV26PERF0000040,perf040@drivelink.test,true,80,90
DLEV26PERF0000041,perf041@drivelink.test,true,80,90
DLEV26PERF0000042,perf042@drivelink.test,true,80,90
DLEV26PERF0000043,perf043@drivelink.test,true,80,90
DLEV26PERF0000044,perf044@drivelink.test,true,80,90
DLEV26PERF0000045,perf045@drivelink.test,true,80,90
DLEV26PERF0000046,perf046@drivelink.test,true,80,90
DLEV26PERF0000047,perf047@drivelink.test,true,80,90
DLEV26PERF0000048,perf048@drivelink.test,true,80,90
DLEV26PERF0000049,perf049@drivelink.test,true,80,90
DLEV26PERF0000050,perf050@drivelink.test,true,80,90
DLEV26PERF0000051,perf051@drivelink.test,true,80,90
DLEV26PERF0000052,perf052@drivelink.test,true,80,90
DLEV26PERF0000053,perf053@drivelink.test,true,80,90
DLEV26PERF0000054,perf054@drivelink.test,true,80,90
DLEV26PERF0000055,perf055@drivelink.test,true,80,90
DLEV26PERF0000056,perf056@drivelink.test,true,80,90
DLEV26PERF0000057,perf057@drivelink.test,true,80,90
DLEV26PERF0000058,perf058@drivelink.test,true,80,90
DLEV26PERF0000059,perf059@drivelink.test,true,80,90
DLEV26PERF0000060,perf060@drivelink.test,true,80,90
DLEV26PERF0000061,perf061@drivelink.test,true,80,90
DLEV26PERF0000062,perf062@drivelink.test,true,80,90
DLEV26PERF0000063,perf063@drivelink.test,true,80,90
DLEV26PERF0000064,perf064@drivelink.test,true,80,90
DLEV26PERF0000065,perf065@drivelink.test,true,80,90
DLEV26PERF0000066,perf066@drivelink.test,true,80,90
DLEV26PERF0000067,perf067@drivelink.test,true,80,90
DLEV26PERF0000068,perf068@drivelink.test,true,80,90
DLEV26PERF0000069,perf069@drivelink.test,true,80,90
DLEV26PERF0000070,perf070@drivelink.test,true,80,90
DLEV26PERF0000071,perf071@drivelink.test,true,80,90
DLEV26PERF0000072,perf072@drivelink.test,true,80,90
DLEV26PERF0000073,perf073@drivelink.test,true,80,90
DLEV26PERF0000074,perf074@drivelink.test,true,80,90
DLEV26PERF0000075,perf075@drivelink.test,true,80,90
DLEV26PERF0000076,perf076@drivelink.test,true,80,90
DLEV26PERF0000077,perf077@drivelink.test,true,80,90
DLEV26PERF0000078,perf078@drivelink.test,true,80,90
DLEV26PERF0000079,perf079@drivelink.test,true,80,90
DLEV26PERF0000080,perf080@drivelink.test,true,80,90
DLEV26PERF0000081,perf081@drivelink.test,true,80,90
DLEV26PERF0000082,perf082@drivelink.test,true,80,90
DLEV26PERF0000083,perf083@drivelink.test,true,80,90
DLEV26PERF0000084,perf084@drivelink.test,true,80,90
DLEV26PERF0000085,perf085@drivelink.test,true,80,90
DLEV26PERF0000086,perf086@drivelink.test,true,80,90
DLEV26PERF0000087,perf087@drivelink.test,true,80,90
DLEV26PERF0000088,perf088@drivelink.test,true,80,90
DLEV26PERF0000089,perf089@drivelink.test,true,80,90
DLEV26PERF0000090,perf090@drivelink.test,true,80,90
DLEV26PERF0000091,perf091@drivelink.test,true,80,90
DLEV26PERF0000092,perf092@drivelink.test,true,80,90
DLEV26PERF0000093,perf093@drivelink.test,true,80,90
DLEV26PERF0000094,perf094@drivelink.test,true,80,90
DLEV26PERF0000095,perf095@drivelink.test,true,80,90
DLEV26PERF0000096,perf096@drivelink.test,true,80,90
DLEV26PERF0000097,perf097@drivelink.test,true,80,90
DLEV26PERF0000098,perf098@drivelink.test,true,80,90
DLEV26PERF0000099,perf099@drivelink.test,true,80,90
DLEV26PERF0000100,perf100@drivelink.test,true,80,90
DLEV26PERF0000101,perf101@drivelink.test,true,80,90
DLEV26PERF0000102,perf102@drivelink.test,true,80,90
DLEV26PERF0000103,perf103@drivelink.test,true,80,90
DLEV26PERF0000104,perf104@drivelink.test,true,80,90
DLEV26PERF0000105,perf105@drivelink.test,true,80,90
DLEV26PERF0000106,perf106@drivelink.test,true,80,90
DLEV26PERF0000107,perf107@drivelink.test,true,80,90
DLEV26PERF0000108,perf108@drivelink.test,true,80,90
DLEV26PERF0000109,perf109@drivelink.test,true,80,90
DLEV26PERF0000110,perf110@drivelink.test,true,80,90
DLEV26PERF0000111,perf111@drivelink.test,true,80,90
DLEV26PERF0000112,perf112@drivelink.test,true,80,90
DLEV26PERF0000113,perf113@drivelink.test,true,80,90
DLEV26PERF0000114,perf114@drivelink.test,true,80,90
DLEV26PERF0000115,perf115@drivelink.test,true,80,90
DLEV26PERF0000116,perf116@drivelink.test,true,80,90
DLEV26PERF0000117,perf117@drivelink.test,true,80,90
DLEV26PERF0000118,perf118@drivelink.test,true,80,90
DLEV26PERF0000119,perf119@drivelink.test,true,80,90
DLEV26PERF0000120,perf120@drivelink.test,true,80,90
DLEV26PERF0000121,perf121@drivelink.test,true,80,90
DLEV26PERF0000122,perf122@drivelink.test,true,80,90
DLEV26PERF0000123,perf123@drivelink.test,true,80,90
DLEV26PERF0000124,perf124@drivelink.test,true,80,90
DLEV26PERF0000125,perf125@drivelink.test,true,80,90
DLEV26PERF0000126,perf126@drivelink.test,true,80,90
DLEV26PERF0000127,perf127@drivelink.test,true,80,90
DLEV26PERF0000128,perf128@drivelink.test,true,80,90
DLEV26PERF0000129,perf129@drivelink.test,true,80,90
DLEV26PERF0000130,perf130@drivelink.test,true,80,90
DLEV26PERF0000131,perf131@drivelink.test,true,80,90
DLEV26PERF0000132,perf132@drivelink.test,true,80,90
DLEV26PERF0000133,perf133@drivelink.test,true,80,90
DLEV26PERF0000134,perf134@drivelink.test,true,80,90
DLEV26PERF0000135,perf135@drivelink.test,true,80,90
DLEV26PERF0000136,perf136@drivelink.test,true,80,90
DLEV26PERF0000137,perf137@drivelink.test,true,80,90
DLEV26PERF0000138,perf138@drivelink.test,true,80,90
DLEV26PERF0000139,perf139@drivelink.test,true,80,90
DLEV26PERF0000140,perf140@drivelink.test,true,80,90
DLEV26PERF0000141,perf141@drivelink.test,true,80,90
DLEV26PERF0000142,perf142@drivelink.test,true,80,90
DLEV26PERF0000143,perf143@drivelink.test,true,80,90
DLEV26PERF0000144,perf144@drivelink.test,true,80,90
DLEV26PERF0000145,perf145@drivelink.test,true,80,90
DLEV26PERF0000146,perf146@drivelink.test,true,80,90
DLEV26PERF0000147,perf147@drivelink.test,true,80,90
DLEV26PERF0000148,perf148@drivelink.test,true,80,90
DLEV26PERF0000149,perf149@drivelink.test,true,80,90
DLEV26PERF0000150,perf150@drivelink.test,true,80,90
DLEV26PERF0000151,perf151@drivelink.test,true,80,90
DLEV26PERF0000152,perf152@drivelink.test,true,80,90
DLEV26PERF0000153,perf153@drivelink.test,true,80,90
DLEV26PERF0000154,perf154@drivelink.test,true,80,90
DLEV26PERF0000155,perf155@drivelink.test,true,80,90
DLEV26PERF0000156,perf156@drivelink.test,true,80,90
DLEV26PERF0000157,perf157@drivelink.test,true,80,90
DLEV26PERF0000158,perf158@drivelink.test,true,80,90
DLEV26PERF0000159,perf159@drivelink.test,true,80,90
DLEV26PERF0000160,perf160@drivelink.test,true,80,90
DLEV26PERF0000161,perf161@drivelink.test,true,80,90
DLEV26PERF0000162,perf162@drivelink.test,true,80,90
DLEV26PERF0000163,perf163@drivelink.test,true,80,90
DLEV26PERF0000164,perf164@drivelink.test,true,80,90
DLEV26PERF0000165,perf165@drivelink.test,true,80,90
DLEV26PERF0000166,perf166@drivelink.test,true,80,90
DLEV26PERF0000167,perf167@drivelink.test,true,80,90
DLEV26PERF0000168,perf168@drivelink.test,true,80,90
DLEV26PERF0000169,perf169@drivelink.test,true,80,90
DLEV26PERF0000170,perf170@drivelink.test,true,80,90
DLEV26PERF0000171,perf171@drivelink.test,true,80,90
DLEV26PERF0000172,perf172@drivelink.test,true,80,90
DLEV26PERF0000173,perf173@drivelink.test,true,80,90
DLEV26PERF0000174,perf174@drivelink.test,true,80,90
DLEV26PERF0000175,perf175@drivelink.test,true,80,90
DLEV26PERF0000176,perf176@drivelink.test,true,80,90
DLEV26PERF0000177,perf177@drivelink.test,true,80,90
DLEV26PERF0000178,perf178@drivelink.test,true,80,90
DLEV26PERF0000179,perf179@drivelink.test,true,80,90
DLEV26PERF0000180,perf180@drivelink.test,true,80,90
DLEV26PERF0000181,perf181@drivelink.test,true,80,90
DLEV26PERF0000182,perf182@drivelink.test,true,80,90
DLEV26PERF0000183,perf183@drivelink.test,true,80,90
DLEV26PERF0000184,perf184@drivelink.test,true,80,90
DLEV26PERF0000185,perf185@drivelink.test,true,80,90
DLEV26PERF0000186,perf186@drivelink.test,true,80,90
DLEV26PERF0000187,perf187@drivelink.test,true,80,90
DLEV26PERF0000188,perf188@drivelink.test,true,80,90
DLEV26PERF0000189,perf189@drivelink.test,true,80,90
DLEV26PERF0000190,perf190@drivelink.test,true,80,90
DLEV26PERF0000191,perf191@drivelink.test,true,80,90
DLEV26PERF0000192,perf192@drivelink.test,true,80,90
DLEV26PERF0000193,perf193@drivelink.test,true,80,90
DLEV26PERF0000194,perf194@drivelink.test,true,80,90
DLEV26PERF0000195,perf195@drivelink.test,true,80,90
DLEV26PERF0000196,perf196@drivelink.test,true,80,90
DLEV26PERF0000197,perf197@drivelink.test,true,80,90
DLEV26PERF0000198,perf198@drivelink.test,true,80,90
DLEV26PERF0000199,perf199@drivelink.test,true,80,90
DLEV26PERF0000200,perf200@drivelink.test,true,80,90
DLEV26PERF0000201,perf201@drivelink.test,true,80,90
DLEV26PERF0000202,perf202@drivelink.test,true,80,90
DLEV26PERF0000203,perf203@drivelink.test,true,80,90
DLEV26PERF0000204,perf204@drivelink.test,true,80,90
DLEV26PERF0000205,perf205@drivelink.test,true,80,90
DLEV26PERF0000206,perf206@drivelink.test,true,80,90
DLEV26PERF0000207,perf207@drivelink.test,true,80,90
DLEV26PERF0000208,perf208@drivelink.test,true,80,90
DLEV26PERF0000209,perf209@drivelink.test,true,80,90
DLEV26PERF0000210,perf210@drivelink.test,true,80,90
DLEV26PERF0000211,perf211@drivelink.test,true,80,90
DLEV26PERF0000212,perf212@drivelink.test,true,80,90
DLEV26PERF0000213,perf213@drivelink.test,true,80,90
DLEV26PERF0000214,perf214@drivelink.test,true,80,90
DLEV26PERF0000215,perf215@drivelink.test,true,80,90
DLEV26PERF0000216,perf216@drivelink.test,true,80,90
DLEV26PERF0000217,perf217@drivelink.test,true,80,90
DLEV26PERF0000218,perf218@drivelink.test,true,80,90
DLEV26PERF0000219,perf219@drivelink.test,true,80,90
DLEV26PERF0000220,perf220@drivelink.test,true,80,90
DLEV26PERF0000221,perf221@drivelink.test,true,80,90
DLEV26PERF0000222,perf222@drivelink.test,true,80,90
DLEV26PERF0000223,perf223@drivelink.test,true,80,90
DLEV26PERF0000224,perf224@drivelink.test,true,80,90
DLEV26PERF0000225,perf225@drivelink.test,true,80,90
DLEV26PERF0000226,perf226@drivelink.test,true,80,90
DLEV26PERF0000227,perf227@drivelink.test,true,80,90
DLEV26PERF0000228,perf228@drivelink.test,true,80,90
DLEV26PERF0000229,perf229@drivelink.test,true,80,90
DLEV26PERF0000230,perf230@drivelink.test,true,80,90
DLEV26PERF0000231,perf231@drivelink.test,true,80,90
DLEV26PERF0000232,perf232@drivelink.test,true,80,90
DLEV26PERF0000233,perf233@drivelink.test,true,80,90
DLEV26PERF0000234,perf234@drivelink.test,true,80,90
DLEV26PERF0000235,perf235@drivelink.test,true,80,90
DLEV26PERF0000236,perf236@drivelink.test,true,80,90
DLEV26PERF0000237,perf237@drivelink.test,true,80,90
DLEV26PERF0000238,perf238@drivelink.test,true,80,90
DLEV26PERF0000239,perf239@drivelink.test,true,80,90
DLEV26PERF0000240,perf240@drivelink.test,true,80,90
DLEV26PERF0000241,perf241@drivelink.test,true,80,90
DLEV26PERF0000242,perf242@drivelink.test,true,80,90
DLEV26PERF0000243,perf243@drivelink.test,true,80,90
DLEV26PERF0000244,perf244@drivelink.test,true,80,90
DLEV26PERF0000245,perf245@drivelink.test,true,80,90
DLEV26PERF0000246,perf246@drivelink.test,true,80,90
DLEV26PERF0000247,perf247@drivelink.test,true,80,90
DLEV26PERF0000248,perf248@drivelink.test,true,80,90
DLEV26PERF0000249,perf249@drivelink.test,true,80,90
DLEV26PERF0000250,perf250@drivelink.test,true,80,90
DLEV26PERF0000251,perf251@drivelink.test,true,80,90
DLEV26PERF0000252,perf252@drivelink.test,true,80,90
DLEV26PERF0000253,perf253@drivelink.test,true,80,90
DLEV26PERF0000254,perf254@drivelink.test,true,80,90
DLEV26PERF0000255,perf255@drivelink.test,true,80,90
DLEV26PERF0000256,perf256@drivelink.test,true,80,90
DLEV26PERF0000257,perf257@drivelink.test,true,80,90
DLEV26PERF0000258,perf258@drivelink.test,true,80,90
DLEV26PERF0000259,perf259@drivelink.test,true,80,90
DLEV26PERF0000260,perf260@drivelink.test,true,80,90
DLEV26PERF0000261,perf261@drivelink.test,true,80,90
DLEV26PERF0000262,perf262@drivelink.test,true,80,90
DLEV26PERF0000263,perf263@drivelink.test,true,80,90
DLEV26PERF0000264,perf264@drivelink.test,true,80,90
DLEV26PERF0000265,perf265@drivelink.test,true,80,90
DLEV26PERF0000266,perf266@drivelink.test,true,80,90
DLEV26PERF0000267,perf267@drivelink.test,true,80,90
DLEV26PERF0000268,perf268@drivelink.test,true,80,90
DLEV26PERF0000269,perf269@drivelink.test,true,80,90
DLEV26PERF0000270,perf270@drivelink.test,true,80,90
DLEV26PERF0000271,perf271@drivelink.test,true,80,90
DLEV26PERF0000272,perf272@drivelink.test,true,80,90
DLEV26PERF0000273,perf273@drivelink.test,true,80,90
DLEV26PERF0000274,perf274@drivelink.test,true,80,90
DLEV26PERF0000275,perf275@drivelink.test,true,80,90
DLEV26PERF0000276,perf276@drivelink.test,true,80,90
DLEV26PERF0000277,perf277@drivelink.test,true,80,90
DLEV26PERF0000278,perf278@drivelink.test,true,80,90
DLEV26PERF0000279,perf279@drivelink.test,true,80,90
DLEV26PERF0000280,perf280@drivelink.test,true,80,90
DLEV26PERF0000281,perf281@drivelink.test,true,80,90
DLEV26PERF0000282,perf282@drivelink.test,true,80,90
DLEV26PERF0000283,perf283@drivelink.test,true,80,90
DLEV26PERF0000284,perf284@drivelink.test,true,80,90
DLEV26PERF0000285,perf285@drivelink.test,true,80,90
DLEV26PERF0000286,perf286@drivelink.test,true,80,90
DLEV26PERF0000287,perf287@drivelink.test,true,80,90
DLEV26PERF0000288,perf288@drivelink.test,true,80,90
DLEV26PERF0000289,perf289@drivelink.test,true,80,90
DLEV26PERF0000290,perf290@drivelink.test,true,80,90
DLEV26PERF0000291,perf291@drivelink.test,true,80,90
DLEV26PERF0000292,perf292@drivelink.test,true,80,90
DLEV26PERF0000293,perf293@drivelink.test,true,80,90
DLEV26PERF0000294,perf294@drivelink.test,true,80,90
DLEV26PERF0000295,perf295@drivelink.test,true,80,90
DLEV26PERF0000296,perf296@drivelink.test,true,80,90
DLEV26PERF0000297,perf297@drivelink.test,true,80,90
DLEV26PERF0000298,perf298@drivelink.test,true,80,90
DLEV26PERF0000299,perf299@drivelink.test,true,80,90
DLEV26PERF0000300,perf300@drivelink.test,true,80,90
DLEV26PERF0000301,perf301@drivelink.test,true,80,90
DLEV26PERF0000302,perf302@drivelink.test,true,80,90
DLEV26PERF0000303,perf303@drivelink.test,true,80,90
DLEV26PERF0000304,perf304@drivelink.test,true,80,90
DLEV26PERF0000305,perf305@drivelink.test,true,80,90
DLEV26PERF0000306,perf306@drivelink.test,true,80,90
DLEV26PERF0000307,perf307@drivelink.test,true,80,90
DLEV26PERF0000308,perf308@drivelink.test,true,80,90
DLEV26PERF0000309,perf309@drivelink.test,true,80,90
DLEV26PERF0000310,perf310@drivelink.test,true,80,90
DLEV26PERF0000311,perf311@drivelink.test,true,80,90
DLEV26PERF0000312,perf312@drivelink.test,true,80,90
DLEV26PERF0000313,perf313@drivelink.test,true,80,90
DLEV26PERF0000314,perf314@drivelink.test,true,80,90
DLEV26PERF0000315,perf315@drivelink.test,true,80,90
DLEV26PERF0000316,perf316@drivelink.test,true,80,90
DLEV26PERF0000317,perf317@drivelink.test,true,80,90
DLEV26PERF0000318,perf318@drivelink.test,true,80,90
DLEV26PERF0000319,perf319@drivelink.test,true,80,90
DLEV26PERF0000320,perf320@drivelink.test,true,80,90
DLEV26PERF0000321,perf321@drivelink.test,true,80,90
DLEV26PERF0000322,perf322@drivelink.test,true,80,90
DLEV26PERF0000323,perf323@drivelink.test,true,80,90
DLEV26PERF0000324,perf324@drivelink.test,true,80,90
DLEV26PERF0000325,perf325@drivelink.test,true,80,90
DLEV26PERF0000326,perf326@drivelink.test,true,80,90
DLEV26PERF0000327,perf327@drivelink.test,true,80,90
DLEV26PERF0000328,perf328@drivelink.test,true,80,90
DLEV26PERF0000329,perf329@drivelink.test,true,80,90
DLEV26PERF0000330,perf330@drivelink.test,true,80,90
DLEV26PERF0000331,perf331@drivelink.test,true,80,90
DLEV26PERF0000332,perf332@drivelink.test,true,80,90
DLEV26PERF0000333,perf333@drivelink.test,true,80,90
DLEV26PERF0000334,perf334@drivelink.test,true,80,90
DLEV26PERF0000335,perf335@drivelink.test,true,80,90
DLEV26PERF0000336,perf336@drivelink.test,true,80,90
DLEV26PERF0000337,perf337@drivelink.test,true,80,90
DLEV26PERF0000338,perf338@drivelink.test,true,80,90
DLEV26PERF0000339,perf339@drivelink.test,true,80,90
DLEV26PERF0000340,perf340@drivelink.test,true,80,90
DLEV26PERF0000341,perf341@drivelink.test,true,80,90
DLEV26PERF0000342,perf342@drivelink.test,true,80,90
DLEV26PERF0000343,perf343@drivelink.test,true,80,90
DLEV26PERF0000344,perf344@drivelink.test,true,80,90
DLEV26PERF0000345,perf345@drivelink.test,true,80,90
DLEV26PERF0000346,perf346@drivelink.test,true,80,90
DLEV26PERF0000347,perf347@drivelink.test,true,80,90
DLEV26PERF0000348,perf348@drivelink.test,true,80,90
DLEV26PERF0000349,perf349@drivelink.test,true,80,90
DLEV26PERF0000350,perf350@drivelink.test,true,80,90
DLEV26PERF0000351,perf351@drivelink.test,true,80,90
DLEV26PERF0000352,perf352@drivelink.test,true,80,90
DLEV26PERF0000353,perf353@drivelink.test,true,80,90
DLEV26PERF0000354,perf354@drivelink.test,true,80,90
DLEV26PERF0000355,perf355@drivelink.test,true,80,90
DLEV26PERF0000356,perf356@drivelink.test,true,80,90
DLEV26PERF0000357,perf357@drivelink.test,true,80,90
DLEV26PERF0000358,perf358@drivelink.test,true,80,90
DLEV26PERF0000359,perf359@drivelink.test,true,80,90
DLEV26PERF0000360,perf360@drivelink.test,true,80,90
DLEV26PERF0000361,perf361@drivelink.test,true,80,90
DLEV26PERF0000362,perf362@drivelink.test,true,80,90
DLEV26PERF0000363,perf363@drivelink.test,true,80,90
DLEV26PERF0000364,perf364@drivelink.test,true,80,90
DLEV26PERF0000365,perf365@drivelink.test,true,80,90
DLEV26PERF0000366,perf366@drivelink.test,true,80,90
DLEV26PERF0000367,perf367@drivelink.test,true,80,90
DLEV26PERF0000368,perf368@drivelink.test,true,80,90
DLEV26PERF0000369,perf369@drivelink.test,true,80,90
DLEV26PERF0000370,perf370@drivelink.test,true,80,90
DLEV26PERF0000371,perf371@drivelink.test,true,80,90
DLEV26PERF0000372,perf372@drivelink.test,true,80,90
DLEV26PERF0000373,perf373@drivelink.test,true,80,90
DLEV26PERF0000374,perf374@drivelink.test,true,80,90
DLEV26PERF0000375,perf375@drivelink.test,true,80,90
DLEV26PERF0000376,perf376@drivelink.test,true,80,90
DLEV26PERF0000377,perf377@drivelink.test,true,80,90
DLEV26PERF0000378,perf378@drivelink.test,true,80,90
DLEV26PERF0000379,perf379@drivelink.test,true,80,90
DLEV26PERF0000380,perf380@drivelink.test,true,80,90
DLEV26PERF0000381,perf381@drivelink.test,true,80,90
DLEV26PERF0000382,perf382@drivelink.test,true,80,90
DLEV26PERF0000383,perf383@drivelink.test,true,80,90
DLEV26PERF0000384,perf384@drivelink.test,true,80,90
DLEV26PERF0000385,perf385@drivelink.test,true,80,90
DLEV26PERF0000386,perf386@drivelink.test,true,80,90
DLEV26PERF0000387,perf387@drivelink.test,true,80,90
DLEV26PERF0000388,perf388@drivelink.test,true,80,90
DLEV26PERF0000389,perf389@drivelink.test,true,80,90
DLEV26PERF0000390,perf390@drivelink.test,true,80,90
DLEV26PERF0000391,perf391@drivelink.test,true,80,90
DLEV26PERF0000392,perf392@drivelink.test,true,80,90
DLEV26PERF0000393,perf393@drivelink.test,true,80,90
DLEV26PERF0000394,perf394@drivelink.test,true,80,90
DLEV26PERF0000395,perf395@drivelink.test,true,80,90
DLEV26PERF0000396,perf396@drivelink.test,true,80,90
DLEV26PERF0000397,perf397@drivelink.test,true,80,90
DLEV26PERF0000398,perf398@drivelink.test,true,80,90
DLEV26PERF0000399,perf399@drivelink.test,true,80,90
DLEV26PERF0000400,perf400@drivelink.test,true,80,90
DLEV26PERF0000401,perf401@drivelink.test,true,80,90
DLEV26PERF0000402,perf402@drivelink.test,true,80,90
DLEV26PERF0000403,perf403@drivelink.test,true,80,90
DLEV26PERF0000404,perf404@drivelink.test,true,80,90
DLEV26PERF0000405,perf405@drivelink.test,true,80,90
DLEV26PERF0000406,perf406@drivelink.test,true,80,90
DLEV26PERF0000407,perf407@drivelink.test,true,80,90
DLEV26PERF0000408,perf408@drivelink.test,true,80,90
DLEV26PERF0000409,perf409@drivelink.test,true,80,90
DLEV26PERF0000410,perf410@drivelink.test,true,80,90
DLEV26PERF0000411,perf411@drivelink.test,true,80,90
DLEV26PERF0000412,perf412@drivelink.test,true,80,90
DLEV26PERF0000413,perf413@drivelink.test,true,80,90
DLEV26PERF0000414,perf414@drivelink.test,true,80,90
DLEV26PERF0000415,perf415@drivelink.test,true,80,90
DLEV26PERF0000416,perf416@drivelink.test,true,80,90
DLEV26PERF0000417,perf417@drivelink.test,true,80,90
DLEV26PERF0000418,perf418@drivelink.test,true,80,90
DLEV26PERF0000419,perf419@drivelink.test,true,80,90
DLEV26PERF0000420,perf420@drivelink.test,true,80,90
DLEV26PERF0000421,perf421@drivelink.test,true,80,90
DLEV26PERF0000422,perf422@drivelink.test,true,80,90
DLEV26PERF0000423,perf423@drivelink.test,true,80,90
DLEV26PERF0000424,perf424@drivelink.test,true,80,90
DLEV26PERF0000425,perf425@drivelink.test,true,80,90
DLEV26PERF0000426,perf426@drivelink.test,true,80,90
DLEV26PERF0000427,perf427@drivelink.test,true,80,90
DLEV26PERF0000428,perf428@drivelink.test,true,80,90
DLEV26PERF0000429,perf429@drivelink.test,true,80,90
DLEV26PERF0000430,perf430@drivelink.test,true,80,90
DLEV26PERF0000431,perf431@drivelink.test,true,80,90
DLEV26PERF0000432,perf432@drivelink.test,true,80,90
DLEV26PERF0000433,perf433@drivelink.test,true,80,90
DLEV26PERF0000434,perf434@drivelink.test,true,80,90
DLEV26PERF0000435,perf435@drivelink.test,true,80,90
DLEV26PERF0000436,perf436@drivelink.test,true,80,90
DLEV26PERF0000437,perf437@drivelink.test,true,80,90
DLEV26PERF0000438,perf438@drivelink.test,true,80,90
DLEV26PERF0000439,perf439@drivelink.test,true,80,90
DLEV26PERF0000440,perf440@drivelink.test,true,80,90
DLEV26PERF0000441,perf441@drivelink.test,true,80,90
DLEV26PERF0000442,perf442@drivelink.test,true,80,90
DLEV26PERF0000443,perf443@drivelink.test,true,80,90
DLEV26PERF0000444,perf444@drivelink.test,true,80,90
DLEV26PERF0000445,perf445@drivelink.test,true,80,90
DLEV26PERF0000446,perf446@drivelink.test,true,80,90
DLEV26PERF0000447,perf447@drivelink.test,true,80,90
DLEV26PERF0000448,perf448@drivelink.test,true,80,90
DLEV26PERF0000449,perf449@drivelink.test,true,80,90
DLEV26PERF0000450,perf450@drivelink.test,true,80,90
DLEV26PERF0000451,perf451@drivelink.test,true,80,90
DLEV26PERF0000452,perf452@drivelink.test,true,80,90
DLEV26PERF0000453,perf453@drivelink.test,true,80,90
DLEV26PERF0000454,perf454@drivelink.test,true,80,90
DLEV26PERF0000455,perf455@drivelink.test,true,80,90
DLEV26PERF0000456,perf456@drivelink.test,true,80,90
DLEV26PERF0000457,perf457@drivelink.test,true,80,90
DLEV26PERF0000458,perf458@drivelink.test,true,80,90
DLEV26PERF0000459,perf459@drivelink.test,true,80,90
DLEV26PERF0000460,perf460@drivelink.test,true,80,90
DLEV26PERF0000461,perf461@drivelink.test,true,80,90
DLEV26PERF0000462,perf462@drivelink.test,true,80,90
DLEV26PERF0000463,perf463@drivelink.test,true,80,90
DLEV26PERF0000464,perf464@drivelink.test,true,80,90
DLEV26PERF0000465,perf465@drivelink.test,true,80,90
DLEV26PERF0000466,perf466@drivelink.test,true,80,90
DLEV26PERF0000467,perf467@drivelink.test,true,80,90
DLEV26PERF0000468,perf468@drivelink.test,true,80,90
DLEV26PERF0000469,perf469@drivelink.test,true,80,90
DLEV26PERF0000470,perf470@drivelink.test,true,80,90
DLEV26PERF0000471,perf471@drivelink.test,true,80,90
DLEV26PERF0000472,perf472@drivelink.test,true,80,90
DLEV26PERF0000473,perf473@drivelink.test,true,80,90
DLEV26PERF0000474,perf474@drivelink.test,true,80,90
DLEV26PERF0000475,perf475@drivelink.test,true,80,90
DLEV26PERF0000476,perf476@drivelink.test,true,80,90
DLEV26PERF0000477,perf477@drivelink.test,true,80,90
DLEV26PERF0000478,perf478@drivelink.test,true,80,90
DLEV26PERF0000479,perf479@drivelink.test,true,80,90
DLEV26PERF0000480,perf480@drivelink.test,true,80,90
DLEV26PERF0000481,perf481@drivelink.test,true,80,90
DLEV26PERF0000482,perf482@drivelink.test,true,80,90
DLEV26PERF0000483,perf483@drivelink.test,true,80,90
DLEV26PERF0000484,perf484@drivelink.test,true,80,90
DLEV26PERF0000485,perf485@drivelink.test,true,80,90
DLEV26PERF0000486,perf486@drivelink.test,true,80,90
DLEV26PERF0000487,perf487@drivelink.test,true,80,90
DLEV26PERF0000488,perf488@drivelink.test,true,80,90
DLEV26PERF0000489,perf489@drivelink.test,true,80,90
DLEV26PERF0000490,perf490@drivelink.test,true,80,90
DLEV26PERF0000491,perf491@drivelink.test,true,80,90
DLEV26PERF0000492,perf492@drivelink.test,true,80,90
DLEV26PERF0000493,perf493@drivelink.test,true,80,90
DLEV26PERF0000494,perf494@drivelink.test,true,80,90
DLEV26PERF0000495,perf495@drivelink.test,true,80,90
DLEV26PERF0000496,perf496@drivelink.test,true,80,90
DLEV26PERF0000497,perf497@drivelink.test,true,80,90
DLEV26PERF0000498,perf498@drivelink.test,true,80,90
DLEV26PERF0000499,perf499@drivelink.test,true,80,90
DLEV26PERF0000500,perf500@drivelink.test,true,80,90
